APPLICANT,DETAILED_ID,JOB_ID,DESIGNATION,COMBINED_LOCATION,CITY,STATE,COUNTRY,COMPANY_ID,COMPANY_NAME,COMPANY_ID,EMPLOYEE_COUNT,FOLLOWERS
787,578000,3785000,Lead Project Control Analyst,"Hyderabad, Telangana, India",Hyderabad,Telangana,India,11107001,GE Digital,11107001,3030,13217
705,578001,3785001,F&A Manager,"Bhiwadi, Rajasthan, India",Bhiwadi,Rajasthan,India,11107002,Procter & Gamble,11107002,811,99571
255,578002,3785002,Business Development Associate,"Ranchi, Jharkhand, India",Ranchi,Jharkhand,India,11107003,Sterve,11107003,2213,26511
656,578003,3785003,IT Business Analyst,"Pune, Maharashtra, India",Pune,Maharashtra,India,11107004,Citi,11107004,4170,89998
231,578004,3785004,Business Development Manager,"Hyderabad, Telangana, India",Hyderabad,Telangana,India,11107005,CHEMTEX LABS,11107005,593,25729
245,578005,3785005,Retail Executive,"Gurugram, Haryana, India",Gurugram,Haryana,India,11107006,LFactor Cosmetics,11107006,4505,21332
592,578006,3785006,Business Development Specialist,"Vadodara, Gujarat, India",Vadodara,Gujarat,India,11107007,Rockers Technology,11107007,746,25472
788,578007,3785007,Business Analyst,"Hyderabad, Telangana, India",Hyderabad,Telangana,India,11107008,Deloitte,11107008,4983,92967
794,578008,3785008,Digital Marketing Internship in Ahmedabad at Rede Design Studio,"Ahmedabad, Gujarat, India",Ahmedabad,Gujarat,India,11107009,Rede Design Studio,11107009,3318,3110
418,578009,3785009,Cluster Sales Analyst,"Bengaluru, Karnataka, India",Bengaluru,Karnataka,India,11107010,DIAGEO India,11107010,325,68709
411,578010,3785010,Assistant Professor,"Bhavnagar, Gujarat, India",Bhavnagar,Gujarat,India,11107011,Gyanmanjari Group of Colleges,11107011,3615,100928
340,578011,3785011,Data Science Intern,India,India,NULL,NULL,11107012,Corizo,11107012,4623,25040
637,578012,3785012,Data Science Internship in Hyderabad at SmatSocial,"Hyderabad, Telangana, India",Hyderabad,Telangana,India,11107013,SmatSocial,11107013,2502,103792
762,578013,3785013,Associate Power BI Analyst,"Bengaluru, Karnataka, India",Bengaluru,Karnataka,India,11107014,Novo Nordisk,11107014,782,20363
576,578014,3785014,Social Media Analyst,"Ahmedabad, Gujarat, India",Ahmedabad,Gujarat,India,11107015,HGP Solutions Pvt. Ltd,11107015,1780,33139
643,578015,3785015,Assistant Supervisor,India,India,NULL,NULL,11107016,Business Owner Succession Strategies (BOSS) Group,11107016,1900,21093
533,578016,3785016,Microsoft Power BI Application Developer,"Hyderabad, Telangana, India",Hyderabad,Telangana,India,11107017,Accenture in India,11107017,3460,3957
289,578017,3785017,Analyst/Senior Analyst - Financial Data Management,"Hyderabad, Telangana, India",Hyderabad,Telangana,India,11107018,D. E. Shaw India Private Limited,11107018,3428,93094
711,578018,3785018,Associate Project Manager,"Bengaluru, Karnataka, India",Bengaluru,Karnataka,India,11107019,Novo Nordisk,11107019,3328,17952
709,578019,3785019,Consultant - Business Consulting Risk - TMT - Risk Assurance - Mumbai,"Mumbai, Maharashtra, India",Mumbai,Maharashtra,India,11107020,EY,11107020,2438,93914
281,578020,3785020,Business Executive,"Chennai, Tamil Nadu, India",Chennai,Tamil Nadu,India,11107021,KSBS SOLAR,11107021,4952,101317
561,578021,3785021,Manager,"Pune, Maharashtra, India",Pune,Maharashtra,India,11107022,SQUARE CAPITAL ADVISORY SERVICES PRIVATE LIMITED,11107022,4927,8290
361,578022,3785022,Business Development Executive (Ahmedabad) IT SALES - (2-5 YEARS EXP),"Ahmedabad, Gujarat, India",Ahmedabad,Gujarat,India,11107023,Jain Technosoft,11107023,1500,85130
340,578023,3785023,Web Development Internship in Ahmedabad at Simulas,"Ahmedabad, Gujarat, India",Ahmedabad,Gujarat,India,11107024,Simulas,11107024,756,24010
757,578024,3785024,Process Specialist,"Bengaluru, Karnataka, India",Bengaluru,Karnataka,India,11107025,Cargill,11107025,4231,44521
132,578025,3785025,Product Analyst,"Bengaluru, Karnataka, India",Bengaluru,Karnataka,India,11107026,Furlenco,11107026,1734,91345
375,578026,3785026,Sr. Data Analyst,"Maharashtra, India",Maharashtra,India,NULL,11107027,S5 Agency World Ltd,11107027,4655,63858
239,578027,3785027,Power Bi,"Bengaluru, Karnataka, India",Bengaluru,Karnataka,India,11107028,Tata Consultancy Services,11107028,2887,37939
534,578028,3785028,Master Data Specialist,"Hyderabad, Telangana, India",Hyderabad,Telangana,India,11107029,ManpowerGroup India,11107029,2163,48006
519,578029,3785029,Quantitative Research Analyst - IIT/NIT/ISI/BITS/CMI,"Ahmedabad, Gujarat, India",Ahmedabad,Gujarat,India,11107030,LST Capital,11107030,86,21155
727,578030,3785030,Associate Consultant - Data & Intelligence,"Chennai, Tamil Nadu, India",Chennai,Tamil Nadu,India,11107031,ZoomRx,11107031,574,23058
189,578031,3785031,2023 Global Data Analytics - Mumbai,"Mumbai, Maharashtra, India",Mumbai,Maharashtra,India,11107032,Bloomberg,11107032,4669,25079
395,578032,3785032,Data Researcher I,"Hyderabad, Telangana, India",Hyderabad,Telangana,India,11107033,ICE,11107033,141,54223
354,578033,3785033,Technology Analyst,"Indore, Madhya Pradesh, India",Indore,Madhya Pradesh,India,11107034,Infosys,11107034,3250,47000
784,578034,3785034,Insights Analyst,"Bengaluru, Karnataka, India",Bengaluru,Karnataka,India,11107035,Thomson Reuters,11107035,1220,49472
566,578035,3785035,"Associate Consultant, TS","Ahmedabad, Gujarat, India",Ahmedabad,Gujarat,India,11107036,Conga,11107036,889,24517
788,578036,3785036,Associate - Kolkata - Y 14 - Technology Consulting,"Kolkata, West Bengal, India",Kolkata,West Bengal,India,11107037,PwC India,11107037,2603,96335
681,578037,3785037,Research Associate (Survey Programming),"Vadodara, Gujarat, India",Vadodara,Gujarat,India,11107038,Numerator,11107038,1628,84485
735,578038,3785038,Business Operations Associate,"Bengaluru, Karnataka, India",Bengaluru,Karnataka,India,11107039,Arrow Electronics,11107039,1748,37566
749,578039,3785039,Project Control Analyst,"Hyderabad, Telangana, India",Hyderabad,Telangana,India,11107040,GE Digital,11107040,790,36246
65,578040,3785040,"Industry X.0 (IOT, Industry 4.0)","Delhi, India",Delhi,India,NULL,11107041,KPMG India,11107041,3107,20196
47,578041,3785041,Jr. Automation Engineer,"Mumbai, Maharashtra, India",Mumbai,Maharashtra,India,11107042,Burns & McDonnell India,11107042,4344,96195
665,578042,3785042,Demand Planning Analyst,"Anupgarh, Rajasthan, India",Anupgarh,Rajasthan,India,11107043,The Goodyear Tire & Rubber Company,11107043,4011,39514
44,578043,3785043,MIS- Data Analytics,"Mumbai, Maharashtra, India",Mumbai,Maharashtra,India,11107044,Wonderchef Home Appliances Pvt Ltd.,11107044,3531,59607
85,578044,3785044,Executive Production Planning,"Ahmedabad, Gujarat, India",Ahmedabad,Gujarat,India,11107045,Faith Industries Ltd.,11107045,1532,32055
467,578045,3785045,Associate - Graduate Job (January Start),"Mumbai, Maharashtra, India",Mumbai,Maharashtra,India,11107046,Third Bridge Group Limited,11107046,104,44836
335,578046,3785046,CAN - Analyst,"Bangalore Urban, Karnataka, India",Bangalore Urban,Karnataka,India,11107047,SUN Mobility,11107047,103,56239
172,578047,3785047,2023 Global Data Analytics - Mumbai,"Mumbai, Maharashtra, India",Mumbai,Maharashtra,India,11107048,Bloomberg,11107048,3135,40432
605,578048,3785048,Data Researcher I,"Hyderabad, Telangana, India",Hyderabad,Telangana,India,11107049,ICE,11107049,1731,53805
498,578049,3785049,Product Analyst,"Bengaluru, Karnataka, India",Bengaluru,Karnataka,India,11107050,Furlenco,11107050,3559,75821
72,578050,3785050,Sr. Data Analyst,"Maharashtra, India",Maharashtra,India,NULL,11107051,S5 Agency World Ltd,11107051,4709,33784
402,578051,3785051,Quantitative Research Analyst - IIT/NIT/ISI/BITS/CMI,"Ahmedabad, Gujarat, India",Ahmedabad,Gujarat,India,11107052,LST Capital,11107052,1190,34280
453,578052,3785052,Technology Analyst,"Indore, Madhya Pradesh, India",Indore,Madhya Pradesh,India,11107053,Infosys,11107053,3546,97084
131,578053,3785053,Insights Analyst,"Bengaluru, Karnataka, India",Bengaluru,Karnataka,India,11107054,Thomson Reuters,11107054,1601,92716
256,578054,3785054,Business Operations Associate,"Bengaluru, Karnataka, India",Bengaluru,Karnataka,India,11107055,Arrow Electronics,11107055,1876,54384
320,578055,3785055,Associate - Kolkata - Y 14 - Technology Consulting,"Kolkata, West Bengal, India",Kolkata,West Bengal,India,11107056,PwC India,11107056,2391,71042
789,578056,3785056,Research Associate (Survey Programming),"Vadodara, Gujarat, India",Vadodara,Gujarat,India,11107057,Numerator,11107057,1822,104345
71,578057,3785057,"Associate Consultant, TS","Ahmedabad, Gujarat, India",Ahmedabad,Gujarat,India,11107058,Conga,11107058,4271,59303
259,578058,3785058,Project Control Analyst,"Hyderabad, Telangana, India",Hyderabad,Telangana,India,11107059,GE Digital,11107059,1991,41672
193,578059,3785059,Cost Optimization Analyst,"Chennai, Tamil Nadu, India",Chennai,Tamil Nadu,India,11107060,Ford Motor Company,11107060,2993,28601
579,578060,3785060,Power BI,"Hyderabad, Telangana, India",Hyderabad,Telangana,India,11107061,Tata Consultancy Services,11107061,1678,50890
232,578061,3785061,Payroll Coordinator,"Bangalore Urban, Karnataka, India",Bangalore Urban,Karnataka,India,11107062,Ingersoll Rand,11107062,1534,81496
555,578062,3785062,Associate Data Scientist,"Indore, Madhya Pradesh, India",Indore,Madhya Pradesh,India,11107063,Uplers,11107063,259,54808
349,578063,3785063,Business Development Executive,"Ahmedabad, Gujarat, India",Ahmedabad,Gujarat,India,11107064,YuDoo,11107064,4454,42159
26,578064,3785064,Jr. Automation Engineer,"Mumbai, Maharashtra, India",Mumbai,Maharashtra,India,11107065,Burns & McDonnell India,11107065,4643,28078
476,578065,3785065,Associate Consultant - Data & Intelligence,"Chennai, Tamil Nadu, India",Chennai,Tamil Nadu,India,11107066,ZoomRx,11107066,344,83505
119,578066,3785066,Demand Planning Analyst,"Anupgarh, Rajasthan, India",Anupgarh,Rajasthan,India,11107067,The Goodyear Tire & Rubber Company,11107067,1596,67515
277,578067,3785067,Master Data Specialist,"Hyderabad, Telangana, India",Hyderabad,Telangana,India,11107068,ManpowerGroup India,11107068,819,77431
200,578068,3785068,Associate - Graduate Job (January Start),"Mumbai, Maharashtra, India",Mumbai,Maharashtra,India,11107069,Third Bridge Group Limited,11107069,644,7755
452,578069,3785069,Executive Production Planning,"Ahmedabad, Gujarat, India",Ahmedabad,Gujarat,India,11107070,Faith Industries Ltd.,11107070,4693,71252
765,578070,3785070,Business Development Executive,"Ahmedabad, Gujarat, India",Ahmedabad,Gujarat,India,11107071,Innoventixsolutions,11107071,3265,38051
266,578071,3785071,Equity Data Management Analyst,"Mumbai, Maharashtra, India",Mumbai,Maharashtra,India,11107072,MSCI Inc.,11107072,2510,92386
747,578072,3785072,Area Manager - Digital Product Finance - Growth/Senior Area Manager - Digital Product Finance - Growth(JR00100522),"Rajkot, Gujarat, India",Rajkot,Gujarat,India,11107073,Bajaj Finserv,11107073,1025,39293
135,578073,3785073,District Coordinator,"Ahmedabad, Gujarat, India",Ahmedabad,Gujarat,India,11107074,GRAMYA,11107074,263,71762
667,578074,3785074,Technical Project Coordinator,India,India,NULL,NULL,11107075,The Tann Mann Gaadi,11107075,1805,104512
229,578075,3785075,Associate - Pune - Technology Consulting,"Pune, Maharashtra, India",Pune,Maharashtra,India,11107076,PwC,11107076,879,52387
168,578076,3785076,"Research Assoc III, R&D Charact.","Ahmedabad, Gujarat, India",Ahmedabad,Gujarat,India,11107077,Baxter International Inc.,11107077,1267,37737
701,578077,3785077,Looking For Interns (DotNet/Asp.Net),"Ahmedabad, Gujarat, India",Ahmedabad,Gujarat,India,11107078,FutureStack Solution,11107078,2878,91010
59,578078,3785078,Analyst,India,India,NULL,NULL,11107079,Fa,11107079,516,30164
220,578079,3785079,Sales Associate,"New Delhi, Delhi, India",New Delhi,Delhi,India,11107080,GALACTIC CLIENTS SERVICES,11107080,3366,26661
509,578080,3785080,Business Development Executive,"Ahmedabad, Gujarat, India",Ahmedabad,Gujarat,India,11107081,Vedlogic Solutions Pvt. Ltd.,11107081,2431,30327
577,578081,3785081,Executive Operations,"Ahmedabad, Gujarat, India",Ahmedabad,Gujarat,India,11107082,Sigma Infosolutions Ltd.,11107082,3690,64630
512,578082,3785082,Microsoft Power BI Application Developer,"Indore, Madhya Pradesh, India",Indore,Madhya Pradesh,India,11107083,Accenture in India,11107083,764,35984
255,578083,3785083,Analyst,"Chennai, Tamil Nadu, India",Chennai,Tamil Nadu,India,11107084,Barclays,11107084,4421,6446
190,578084,3785084,BI - Contract Staff,"Kochi, Kerala, India",Kochi,Kerala,India,11107085,EY,11107085,2366,16812
345,578085,3785085,Consultant,"Noida, Uttar Pradesh, India",Noida,Uttar Pradesh,India,11107086,Allied Essence,11107086,2131,91558
90,578086,3785086,Assistant Supervisor,India,India,NULL,NULL,11107087,"Urgent Hiring, Jobs & Careers Recruitment",11107087,463,5866
768,578087,3785087,Business Analyst,"Gurugram, Haryana, India",Gurugram,Haryana,India,11107088,noon,11107088,4546,59627
214,578088,3785088,Part_Time_Income_Opportunity,"Chennai, Tamil Nadu, India",Chennai,Tamil Nadu,India,11107089,Vestige Distributor,11107089,1089,20909
527,578089,3785089,Search Engine Marketing Specialist,"Ahmedabad, Gujarat, India",Ahmedabad,Gujarat,India,11107090,Mena Global,11107090,2184,9796
365,578090,3785090,Assistant Supervisor,India,India,NULL,NULL,11107091,"Urgent Hiring, Jobs & Careers Recruitment",11107091,1900,58192
235,578091,3785091,Data Researcher I,"Hyderabad, Telangana, India",Hyderabad,Telangana,India,11107092,ICE,11107092,3959,51838
395,578092,3785092,Product Analyst,"Bengaluru, Karnataka, India",Bengaluru,Karnataka,India,11107093,Furlenco,11107093,263,3703
564,578093,3785093,2023 Global Data Analytics - Mumbai,"Mumbai, Maharashtra, India",Mumbai,Maharashtra,India,11107094,Bloomberg,11107094,4376,26102
150,578094,3785094,Sr. Data Analyst,"Maharashtra, India",Maharashtra,India,NULL,11107095,S5 Agency World Ltd,11107095,2521,74754
402,578095,3785095,Quantitative Research Analyst - IIT/NIT/ISI/BITS/CMI,"Ahmedabad, Gujarat, India",Ahmedabad,Gujarat,India,11107096,LST Capital,11107096,4900,73016
195,578096,3785096,Technology Analyst,"Indore, Madhya Pradesh, India",Indore,Madhya Pradesh,India,11107097,Infosys,11107097,1913,49247
598,578097,3785097,Insights Analyst,"Bengaluru, Karnataka, India",Bengaluru,Karnataka,India,11107098,Thomson Reuters,11107098,3576,33170
691,578098,3785098,Business Operations Associate,"Bengaluru, Karnataka, India",Bengaluru,Karnataka,India,11107099,Arrow Electronics,11107099,4510,23225
176,578099,3785099,Research Associate (Survey Programming),"Vadodara, Gujarat, India",Vadodara,Gujarat,India,11107100,Numerator,11107100,4185,7702
102,578100,3785100,Cost Optimization Analyst,"Chennai, Tamil Nadu, India",Chennai,Tamil Nadu,India,11107101,Ford Motor Company,11107101,4274,2311
664,578101,3785101,"Associate Consultant, TS","Ahmedabad, Gujarat, India",Ahmedabad,Gujarat,India,11107102,Conga,11107102,4965,53009
614,578102,3785102,Power BI,"Hyderabad, Telangana, India",Hyderabad,Telangana,India,11107103,Tata Consultancy Services,11107103,886,66305
623,578103,3785103,Payroll Coordinator,"Bangalore Urban, Karnataka, India",Bangalore Urban,Karnataka,India,11107104,Ingersoll Rand,11107104,3181,23443
92,578104,3785104,Associate Data Scientist,"Indore, Madhya Pradesh, India",Indore,Madhya Pradesh,India,11107105,Uplers,11107105,3740,52626
191,578105,3785105,Jr. Automation Engineer,"Mumbai, Maharashtra, India",Mumbai,Maharashtra,India,11107106,Burns & McDonnell India,11107106,3376,44077
375,578106,3785106,Associate Consultant - Data & Intelligence,"Chennai, Tamil Nadu, India",Chennai,Tamil Nadu,India,11107107,ZoomRx,11107107,3399,43111
637,578107,3785107,Equity Data Management Analyst,"Mumbai, Maharashtra, India",Mumbai,Maharashtra,India,11107108,MSCI Inc.,11107108,81,91201
151,578108,3785108,Business Development Executive,"Ahmedabad, Gujarat, India",Ahmedabad,Gujarat,India,11107109,Mott MacDonald,11107109,3965,21811
441,578109,3785109,CAN - Analyst,"Bangalore Urban, Karnataka, India",Bangalore Urban,Karnataka,India,11107110,SUN Mobility,11107110,836,63942
519,578110,3785110,Associate Product Manager,"Gurugram, Haryana, India",Gurugram,Haryana,India,11107111,Adani Digital Labs,11107111,4742,58723
577,578111,3785111,Power BI Architect,"Bengaluru, Karnataka, India",Bengaluru,Karnataka,India,11107112,Adecco,11107112,1198,54831
728,578112,3785112,Industrial Trainee - Business Consulting Risk - CS&A - Internal Audit - Mumbai,"Mumbai, Maharashtra, India",Mumbai,Maharashtra,India,11107113,EY,11107113,264,51289
645,578113,3785113,Data Processing Executive,"Mumbai, Maharashtra, India",Mumbai,Maharashtra,India,11107114,YouGov,11107114,892,3520
405,578114,3785114,Data Analyst,"Bangalore Urban, Karnataka, India",Bangalore Urban,Karnataka,India,11107115,ConverseNow.AI,11107115,2434,83818
35,578115,3785115,AM-Executive Assistant,"Bengaluru, Karnataka, India",Bengaluru,Karnataka,India,11107116,AB InBev India,11107116,1131,59076
748,578116,3785116,New Associate - Business Operations,"Mumbai, Maharashtra, India",Mumbai,Maharashtra,India,11107117,Accenture in India,11107117,3577,36224
73,578117,3785117,Senior Analyst - Power BI,"Chennai, Tamil Nadu, India",Chennai,Tamil Nadu,India,11107118,AstraZeneca,11107118,2279,10376
72,578118,3785118,Monitoring and Underwriting Analyst,"Pune, Maharashtra, India",Pune,Maharashtra,India,11107119,Mastercard,11107119,413,59766
483,578119,3785119,Business Development Associate,"Chennai, Tamil Nadu, India",Chennai,Tamil Nadu,India,11107120,BYJU'S,11107120,739,33029
315,578120,3785120,Senior Analyst- People Analytics and Insight(Pune/Mumbai),"Pune, Maharashtra, India",Pune,Maharashtra,India,11107121,Etraveli Group,11107121,4157,53048
641,578121,3785121,Business Development Representative,"Kota, Rajasthan, India",Kota,Rajasthan,India,11107122,Unacademy,11107122,3665,5324
582,578122,3785122,Data Entry part time job/internship at Pune in MentorBoxx,"Pune, Maharashtra, India",Pune,Maharashtra,India,11107123,MentorBoxx,11107123,4302,36786
41,578123,3785123,Data Analyst Training,India,India,NULL,NULL,11107124,LEJHRO,11107124,2653,15233
597,578124,3785124,Power BI +Adv Excel,"Bengaluru, Karnataka, India",Bengaluru,Karnataka,India,11107125,IQVIA,11107125,4724,7339
126,578125,3785125,Powerbi/SQL/ADF,"Hyderabad, Telangana, India",Hyderabad,Telangana,India,11107126,LTIMindtree,11107126,584,103048
283,578126,3785126,Senior Business Development Manager,"Bihar, Bihar, India",Bihar,Bihar,India,11107127,LineMark Techsolutions,11107127,2834,48140
33,578127,3785127,???????????? ??????,"Durg, Chhattisgarh, India",Durg,Chhattisgarh,India,11107128,Government of Chhattisgarh,11107128,4868,48251
235,578128,3785128,Financial Analyst,"Bengaluru, Karnataka, India",Bengaluru,Karnataka,India,11107129,AMETEK,11107129,4744,83241
114,578129,3785129,Airport Ground Staff Job in Ahmedabad,"Ahmedabad, Gujarat, India",Ahmedabad,Gujarat,India,11107130,Ng Networks Solution,11107130,2398,104535
281,578130,3785130,Associate - Business Intelligence,"Pune, Maharashtra, India",Pune,Maharashtra,India,11107131,TIAA,11107131,547,81851
653,578131,3785131,Assistant Manager - Value Management,"Bengaluru, Karnataka, India",Bengaluru,Karnataka,India,11107132,KPMG India,11107132,989,68394
630,578132,3785132,Graduate Engineer Trainee,"Bengaluru, Karnataka, India",Bengaluru,Karnataka,India,11107133,Molex,11107133,1123,50663
115,578133,3785133,Project Analyst - Technical,"Bengaluru East, Karnataka, India",Bengaluru East,Karnataka,India,11107134,Visa,11107134,4414,18526
547,578134,3785134,SC Planning Analyst 1,"Tiruvallur, Tamil Nadu, India",Tiruvallur,Tamil Nadu,India,11107135,Caterpillar Inc.,11107135,2107,77396
356,578135,3785135,Associate Business Systems Analyst,"Bengaluru, Karnataka, India",Bengaluru,Karnataka,India,11107136,Equinix Asia-Pacific,11107136,2469,43108
779,578136,3785136,Actuarial Modelling Analyst,"Bengaluru, Karnataka, India",Bengaluru,Karnataka,India,11107137,Swiss Re,11107137,3171,24498
790,578137,3785137,F&A Manager,"Bhopal, Madhya Pradesh, India",Bhopal,Madhya Pradesh,India,11107138,Procter & Gamble,11107138,4637,63687
147,578138,3785138,"Analyst (Business Intelligence) ? Supply Strategy and Optimisation (Bangkok based, relocation provided)","Kolkata, West Bengal, India",Kolkata,West Bengal,India,11107139,Agoda,11107139,4417,42951
555,578139,3785139,Business Analyst Consultant,"Bengaluru, Karnataka, India",Bengaluru,Karnataka,India,11107140,LTIMindtree,11107140,3845,92111
564,578140,3785140,Data Collection | English Language in India (Work from Home),India,India,NULL,NULL,11107141,Appen,11107141,483,50652
415,578141,3785141,"Analyst, Data Engineering","Gurgaon, Haryana, India",Gurgaon,Haryana,India,11107142,Baxter International Inc.,11107142,97,28337
321,578142,3785142,Business Operations Specialist,"Mumbai, Maharashtra, India",Mumbai,Maharashtra,India,11107143,Accenture in India,11107143,3229,19731
508,578143,3785143,Senior Executive Process,"Panaji, Goa, India",Panaji,Goa,India,11107144,DIAGEO India,11107144,1065,30062
427,578144,3785144,Business Analyst Consultant,"Bengaluru, Karnataka, India",Bengaluru,Karnataka,India,11107145,LTIMindtree,11107145,3152,49432
744,578145,3785145,Laboratory Engineer,"Telangana, India",Telangana,India,NULL,11107146,Groupe Atlantic,11107146,1894,79278
327,578146,3785146,Process Engineer Level II,"Bengaluru South, Karnataka, India",Bengaluru South,Karnataka,India,11107147,Worley,11107147,4746,89054
265,578147,3785147,Pricing / Market Access Analyst,"Pune, Maharashtra, India",Pune,Maharashtra,India,11107148,EVERSANA,11107148,3552,25746
217,578148,3785148,Marketing Assistant,"Ahmedabad, Gujarat, India",Ahmedabad,Gujarat,India,11107149,Ambit KPO Services,11107149,4230,78942
447,578149,3785149,Senior Associate ? Business Analyst,"Hyderabad, Telangana, India",Hyderabad,Telangana,India,11107150,Sutherland,11107150,3340,8885
612,578150,3785150,Associate,Greater Kolkata Area,Greater Kolkata Area,NULL,NULL,11107151,PwC India,11107151,266,97322
276,578151,3785151,Business Analyst (Immediate Joiners),"Bengaluru, Karnataka, India",Bengaluru,Karnataka,India,11107152,ExamRoom.AI?,11107152,925,55695
495,578152,3785152,Assistant Manager - Sales,"Ahmedabad, Gujarat, India",Ahmedabad,Gujarat,India,11107153,Mahindra Group,11107153,1388,11448
161,578153,3785153,Senior Executive - MIS,"Gurugram, Haryana, India",Gurugram,Haryana,India,11107154,Aviva India,11107154,1920,41843
105,578154,3785154,Python with SQL,"Pune, Maharashtra, India",Pune,Maharashtra,India,11107155,Tata Consultancy Services,11107155,2070,84912
140,578155,3785155,Business Operations Associate,"Chennai, Tamil Nadu, India",Chennai,Tamil Nadu,India,11107156,Accenture in India,11107156,3134,81127
85,578156,3785156,RPA Developer,"Bengaluru, Karnataka, India",Bengaluru,Karnataka,India,11107157,Cargill,11107157,540,12260
259,578157,3785157,Business Operations Analyst 2,"Bengaluru, Karnataka, India",Bengaluru,Karnataka,India,11107158,Epsilon India,11107158,2215,35934
776,578158,3785158,"Senior Analyst, Customer Analytics","Pune, Maharashtra, India",Pune,Maharashtra,India,11107159,Western Union,11107159,4686,6206
394,578159,3785159,Associate Product Management Analyst,"Chennai, Tamil Nadu, India",Chennai,Tamil Nadu,India,11107160,Anthology Inc,11107160,3456,87531
234,578160,3785160,Proposal Coordinator,"Bengaluru, Karnataka, India",Bengaluru,Karnataka,India,11107161,GE Digital,11107161,1468,96563
395,578161,3785161,Business Operations Analyst 2,"Bengaluru, Karnataka, India",Bengaluru,Karnataka,India,11107162,Epsilon India,11107162,1004,9491
66,578162,3785162,Business Development (Sales) Internship in Ahmedabad at Plethora IT & HR Solutions,"Ahmedabad, Gujarat, India",Ahmedabad,Gujarat,India,11107163,Plethora IT & HR Solutions,11107163,1333,92464
102,578163,3785163,Business Systems Analyst,"Pune, Maharashtra, India",Pune,Maharashtra,India,11107164,Wolters Kluwer,11107164,559,57674
239,578164,3785164,Business Development Executive,"New Delhi, Delhi, India",New Delhi,Delhi,India,11107165,Da SocialPreneurs,11107165,3703,95667
484,578165,3785165,Analyst - Development,"Gurgaon, Haryana, India",Gurgaon,Haryana,India,11107166,Sun Life,11107166,1618,43768
633,578166,3785166,Customer Experience Manager,"Ahmedabad, Gujarat, India",Ahmedabad,Gujarat,India,11107167,Ishan Technologies,11107167,3953,12231
578,578167,3785167,Database Administrator,"Ahmedabad, Gujarat, India",Ahmedabad,Gujarat,India,11107168,RN Brothers,11107168,4662,101579
184,578168,3785168,Internal Control Analyst,"Ahmedabad, Gujarat, India",Ahmedabad,Gujarat,India,11107169,RK HR Management Private Limited,11107169,1375,17225
784,578169,3785169,Assistant,India,India,NULL,NULL,11107170,Female Entrepreneur,11107170,2388,95932
312,578170,3785170,Business Operations Associate,"Mumbai, Maharashtra, India",Mumbai,Maharashtra,India,11107171,Accenture in India,11107171,3970,49411
343,578171,3785171,R&D Graduate,"Bengaluru, Karnataka, India",Bengaluru,Karnataka,India,11107172,Hewlett Packard Enterprise,11107172,4539,17333
513,578172,3785172,Assistant Manager SCM,"Dadra & Nagar Haveli, Daman and Diu, India",Dadra & Nagar Haveli,Daman and Diu,India,11107173,"CIRCOR International, Inc.",11107173,639,51918
276,578173,3785173,Product Management Intern,"Gurugram, Haryana, India",Gurugram,Haryana,India,11107174,Univest,11107174,2863,28287
759,578174,3785174,Freshers/collage students,"Rajkot, Gujarat, India",Rajkot,Gujarat,India,11107175,Entrepreneurs Academy (Entrepreneurship - MNC Tie up & Collaboration Business),11107175,2361,27483
265,578175,3785175,SQL & BI Developer,"Chennai, Tamil Nadu, India",Chennai,Tamil Nadu,India,11107176,Barclays,11107176,4769,84618
607,578176,3785176,Sales Trainee,"Ahmedabad, Gujarat, India",Ahmedabad,Gujarat,India,11107177,Kridhan Infratech Pvt Ltd,11107177,996,44267
336,578177,3785177,Business Development Executive,"Vadodara, Gujarat, India",Vadodara,Gujarat,India,11107178,Bitbuffs Technologies Private Limited,11107178,2847,65355
462,578178,3785178,DM/ Manager - Reporting & Analysis,"Noida, Uttar Pradesh, India",Noida,Uttar Pradesh,India,11107179,HCLSoftware,11107179,3003,89265
779,578179,3785179,Specialist - Marketing (Explosives and Services),"Hyderabad, Telangana, India",Hyderabad,Telangana,India,11107180,Orica,11107180,1874,23490
117,578180,3785180,Commercial Analytics Analyst,"Bangalore Urban, Karnataka, India",Bangalore Urban,Karnataka,India,11107181,MiQ,11107181,1242,87646
721,578181,3785181,Clinical Data Programmer,"Bengaluru, Karnataka, India",Bengaluru,Karnataka,India,11107182,Clario,11107182,322,88016
22,578182,3785182,Search Engine Optimization Executive,"Ahmedabad, Gujarat, India",Ahmedabad,Gujarat,India,11107183,Crest Infotech ?,11107183,3341,101015
547,578183,3785183,Data Quality Engineer,"Bengaluru, Karnataka, India",Bengaluru,Karnataka,India,11107184,Arrow Electronics,11107184,343,99595
797,578184,3785184,Consultant,"Bengaluru, Karnataka, India",Bengaluru,Karnataka,India,11107185,HARMAN International,11107185,393,14002
334,578185,3785185,Social Media Analyst,"Bengaluru, Karnataka, India",Bengaluru,Karnataka,India,11107186,Grey Group,11107186,2426,46020
731,578186,3785186,Associate Project Manager [T500-4940],"Bengaluru, Karnataka, India",Bengaluru,Karnataka,India,11107187,Talent500,11107187,351,64641
68,578187,3785187,Product Manager / Senior Product Manager,"Noida, Uttar Pradesh, India",Noida,Uttar Pradesh,India,11107188,Magicbricks,11107188,4487,12725
163,578188,3785188,Sales Consultant,"Gujarat, India",Gujarat,India,NULL,11107189,Uplers,11107189,2324,19129
790,578189,3785189,Project Manager,"Bengaluru, Karnataka, India",Bengaluru,Karnataka,India,11107190,Novo Nordisk,11107190,4376,3237
445,578190,3785190,Engineer Design and Development,"Bengaluru, Karnataka, India",Bengaluru,Karnataka,India,11107191,Siemens Healthineers,11107191,3354,97817
316,578191,3785191,Process Designer- MicroStation & AUTOCAD,"Kurla, Maharashtra, India",Kurla,Maharashtra,India,11107192,Black & Veatch,11107192,4488,59727
670,578192,3785192,Data Analyst-2-India,"Gurgaon, Haryana, India",Gurgaon,Haryana,India,11107193,IHS Markit,11107193,4502,23112
373,578193,3785193,Data Collection | English Language in India (Work from Home),"Maharashtra, India",Maharashtra,India,NULL,11107194,Appen,11107194,3053,59317
732,578194,3785194,Analyst - Analytics & Reporting - HYD,"Hyderabad, Telangana, India",Hyderabad,Telangana,India,11107195,Deloitte,11107195,2089,96918
711,578195,3785195,"Machine Learning Engineer - Part-Time, Bloom Institute of Technology (BloomTech) (Remote) - $30,000/year USD","Hyderabad, Telangana, India",Hyderabad,Telangana,India,11107196,Crossover,11107196,4140,97469
390,578196,3785196,Technical Analyst Reporting Analyst,"Bengaluru, Karnataka, India",Bengaluru,Karnataka,India,11107197,Computacenter,11107197,3734,81398
389,578197,3785197,Project Analyst,"Gurgaon, Haryana, India",Gurgaon,Haryana,India,11107198,NatWest Group,11107198,4562,87352
372,578198,3785198,Centre of Excellence - Fraud Analytics,"Pune, Maharashtra, India",Pune,Maharashtra,India,11107199,Bajaj Allianz General Insurance,11107199,3853,28582
477,578199,3785199,Process Technician,"Bengaluru East, Karnataka, India",Bengaluru East,Karnataka,India,11107200,Applied Materials,11107200,2673,74911
490,578200,3785200,"Industry Process Consultant, 3DEXPERIENCEWORKS","Bengaluru, Karnataka, India",Bengaluru,Karnataka,India,11107201,Dassault Syst?mes,11107201,1691,52019
463,578201,3785201,Trainee - Document Controller,"Chennai, Tamil Nadu, India",Chennai,Tamil Nadu,India,11107202,Wood,11107202,1357,80044
579,578202,3785202,Process Engineer -Technical Services,"Bengaluru, Karnataka, India",Bengaluru,Karnataka,India,11107203,Veolia Water Technologies & Solutions,11107203,1305,80586
790,578203,3785203,Search Engine Evaluator,"Lucknow, Uttar Pradesh, India",Lucknow,Uttar Pradesh,India,11107204,Appen,11107204,2123,35974
337,578204,3785204,Associate,"Gurugram, Haryana, India",Gurugram,Haryana,India,11107205,PwC India,11107205,1310,103099
705,578205,3785205,Business Operations New Associate,"Bengaluru, Karnataka, India",Bengaluru,Karnataka,India,11107206,Accenture in India,11107206,1903,103396
153,578206,3785206,"Assistant Manager, Customer Analytics","Pune, Maharashtra, India",Pune,Maharashtra,India,11107207,Western Union,11107207,3868,68699
197,578207,3785207,Python training and internship program,India,India,NULL,NULL,11107208,TechLang.in,11107208,520,45393
705,578208,3785208,Analyst Consultant,"Hyderabad, Telangana, India",Hyderabad,Telangana,India,11107209,ACURA SOLUTIONS LTD,11107209,4667,46503
185,578209,3785209,Assistant Supervisor,India,India,NULL,NULL,11107210,Business Owner,11107210,4371,34283
654,578210,3785210,Associate- Gurgaon- Technology Consulting,"Delhi, Delhi, India",Delhi,Delhi,India,11107211,PwC India,11107211,1710,84687
53,578211,3785211,Data Analysis Internship in Multiple locations at GreenPoint Global Technologies,"Navi Mumbai, Maharashtra, India",Navi Mumbai,Maharashtra,India,11107212,GreenPoint Global,11107212,1126,96768
556,578212,3785212,Product Supply Manager,"Andhra Pradesh, India",Andhra Pradesh,India,NULL,11107213,Procter & Gamble,11107213,2615,80786
459,578213,3785213,Assistant Manager,India,India,NULL,NULL,11107214,Own Work,11107214,701,59687
353,578214,3785214,Business Analyst,"Pune, Maharashtra, India",Pune,Maharashtra,India,11107215,codvo.ai,11107215,3416,82711
732,578215,3785215,Sales Executive,"Ahmedabad, Gujarat, India",Ahmedabad,Gujarat,India,11107216,ALZIBA CARES,11107216,2978,86526
310,578216,3785216,"Sales Operations Analyst, Trilogy (Remote) - $30,000/year USD","Vishakhapatnam, Andhra Pradesh, India",Vishakhapatnam,Andhra Pradesh,India,11107217,Crossover,11107217,4307,86598
192,578217,3785217,Data Scientist,"Kurla, Maharashtra, India",Kurla,Maharashtra,India,11107218,NSEIT LIMITED,11107218,1845,64722
33,578218,3785218,Business Development (Sales) part time job/internship at Multiple locations in Decathlon Sports India,"Mira Bhayandar, Maharashtra, India",Mira Bhayandar,Maharashtra,India,11107219,Decathlon Sports India,11107219,465,52141
713,578219,3785219,Entrepreneur In Residence - Technology Lead,"Indore, Madhya Pradesh, India",Indore,Madhya Pradesh,India,11107220,Dave's Brother Technology,11107220,3420,64216
572,578220,3785220,Sales Specialist,"Ahmedabad, Gujarat, India",Ahmedabad,Gujarat,India,11107221,Amigo Cyber,11107221,165,57351
712,578221,3785221,Business Student,"Lucknow, Uttar Pradesh, India",Lucknow,Uttar Pradesh,India,11107222,LIC,11107222,3977,2687
507,578222,3785222,Business Development Executive,"Pune, Maharashtra, India",Pune,Maharashtra,India,11107223,Tathaatvam Technology Solutions Pvt. Ltd.,11107223,2714,85203
630,578223,3785223,Associate - Gurgaon- Technology Consulting,"Gurugram, Haryana, India",Gurugram,Haryana,India,11107224,PwC,11107224,3173,31208
367,578224,3785224,Sales Consultant,"Surat, Gujarat, India",Surat,Gujarat,India,11107225,JBG Organisation Pvt Ltd,11107225,2701,92315
690,578225,3785225,Charting Analyst,"Hyderabad, Telangana, India",Hyderabad,Telangana,India,11107226,Dynata,11107226,3713,20728
97,578226,3785226,Analyst,Greater Kolkata Area,Greater Kolkata Area,NULL,NULL,11107227,Escalent,11107227,704,103599
348,578227,3785227,Fresher for Bank,"Bengaluru, Karnataka, India",Bengaluru,Karnataka,India,11107228,Live Connections,11107228,281,31948
301,578228,3785228,Product control - Associate,"Bengaluru, Karnataka, India",Bengaluru,Karnataka,India,11107229,JPMorgan Chase & Co.,11107229,3195,96559
304,578229,3785229,Lead Project Control Analyst,"Hyderabad, Telangana, India",Hyderabad,Telangana,India,11107230,GE Digital,11107230,2291,74898
661,578230,3785230,Information Systems Coordinator,"Ahmedabad, Gujarat, India",Ahmedabad,Gujarat,India,11107231,Hyatt Regency,11107231,988,49348
252,578231,3785231,Analytics Architect,"Hyderabad, Telangana, India",Hyderabad,Telangana,India,11107232,Hitachi Vantara,11107232,4758,68311
711,578232,3785232,Analyst,"Delhi, India",Delhi,India,NULL,11107233,Market Xcel Data Matrix Pvt. Ltd.,11107233,2802,27292
240,578233,3785233,Information Technology Procurement,"Hyderabad, Telangana, India",Hyderabad,Telangana,India,11107234,ManpowerGroup India,11107234,4916,50151
257,578234,3785234,Business Development Executive & Research Analyst,"Dehradun, Uttarakhand, India",Dehradun,Uttarakhand,India,11107235,TackyMinds,11107235,2956,36210
680,578235,3785235,Business Operations Associate,"Chennai, Tamil Nadu, India",Chennai,Tamil Nadu,India,11107236,Accenture in India,11107236,4133,4007
214,578236,3785236,SAP MM Consultant,"Pune, Maharashtra, India",Pune,Maharashtra,India,11107237,Infosys,11107237,335,17358
407,578237,3785237,Project Coordinator- Govt Projects/NGO/Skill Development Domain,"Bengaluru, Karnataka, India",Bengaluru,Karnataka,India,11107238,GP Strategies Corporation,11107238,2476,21504
532,578238,3785238,Freshers,"Mumbai, Maharashtra, India",Mumbai,Maharashtra,India,11107239,Entrepreneurs Academy (Entrepreneurship - MNC Tie up & Collaboration Business),11107239,1263,10623
270,578239,3785239,Project Manager,"Bengaluru, Karnataka, India",Bengaluru,Karnataka,India,11107240,airtel,11107240,3850,33470
649,578240,3785240,Accounting analyst,"Chennai, Tamil Nadu, India",Chennai,Tamil Nadu,India,11107241,Ford Motor Company,11107241,3692,59265
47,578241,3785241,R&D Process Engineer,"Chennai, Tamil Nadu, India",Chennai,Tamil Nadu,India,11107242,Hitachi Energy,11107242,2879,6336
618,578242,3785242,Search Engine Evaluator,"Surat, Gujarat, India",Surat,Gujarat,India,11107243,Appen,11107243,3382,3044
294,578243,3785243,Business Operations Associate,"Chennai, Tamil Nadu, India",Chennai,Tamil Nadu,India,11107244,HP,11107244,4040,38413
679,578244,3785244,Process Engineer -Technical Services,"Bengaluru, Karnataka, India",Bengaluru,Karnataka,India,11107245,Veolia Water Technologies & Solutions,11107245,2163,47864
285,578245,3785245,Associate,Greater Kolkata Area,Greater Kolkata Area,NULL,NULL,11107246,PwC,11107246,1740,72280
557,578246,3785246,Analyst Consultant,"Delhi, Delhi, India",Delhi,Delhi,India,11107247,ACURA SOLUTIONS LTD,11107247,4744,58755
706,578247,3785247,Trainee Business Development Executive,"Bhubaneshwar, Odisha, India",Bhubaneshwar,Odisha,India,11107248,Aarav Infotech India Pvt. Ltd.,11107248,462,92312
692,578248,3785248,Associate Marketing Operations Specialist,"Mumbai, Maharashtra, India",Mumbai,Maharashtra,India,11107249,Everyday Health Group,11107249,2189,12444
692,578249,3785249,Lead Generation Specialist,"Ahmedabad, Gujarat, India",Ahmedabad,Gujarat,India,11107250,Group 8A,11107250,319,9921
752,578250,3785250,Social Media Marketing Specialist,"Gurugram, Haryana, India",Gurugram,Haryana,India,11107251,GotoUni.io,11107251,2418,98298
504,578251,3785251,Marketing Subscriptions - Retention,"Delhi, India",Delhi,India,NULL,11107252,HT Digital Streams,11107252,1089,82298
637,578252,3785252,Digital Marketing Specialist,"Noida, Uttar Pradesh, India",Noida,Uttar Pradesh,India,11107253,Number Dekho,11107253,261,9762
95,578253,3785253,Lead Generation Specialist,"Kolkata, West Bengal, India",Kolkata,West Bengal,India,11107254,NLB Services,11107254,735,3270
337,578254,3785254,LinkedIn Marketing,"Hyderabad, Telangana, India",Hyderabad,Telangana,India,11107255,HighRadius,11107255,3438,24821
684,578255,3785255,Marketing Executive,"Ahmedabad, Gujarat, India",Ahmedabad,Gujarat,India,11107256,Solarium Green Energy,11107256,3010,88876
777,578256,3785256,Trade Marketing Specialist,"Goa, India",Goa,India,NULL,11107257,AB InBev India,11107257,3528,67231
157,578257,3785257,"Account Mgmt, Associate - AE, International Seller Growth","Hyderabad, Telangana, India",Hyderabad,Telangana,India,11107258,Amazon,11107258,2594,44521
121,578258,3785258,Performance Marketing,"Mumbai, Maharashtra, India",Mumbai,Maharashtra,India,11107259,Think9 Consumer,11107259,3297,32567
655,578259,3785259,Customer Marketing Specialist,"Shillong, Meghalaya, India",Shillong,Meghalaya,India,11107260,DIAGEO India,11107260,1914,61942
609,578260,3785260,Retention Specialist,"Gurugram, Haryana, India",Gurugram,Haryana,India,11107261,MAISON D' AURAINE,11107261,2890,50371
339,578261,3785261,Digital Marketing Executive,"Ahmedabad, Gujarat, India",Ahmedabad,Gujarat,India,11107262,Vachhani Impex Pvt Ltd,11107262,2571,26435
725,578262,3785262,PPC Lead / Solution Specialist,"Bengaluru, Karnataka, India",Bengaluru,Karnataka,India,11107263,iQuanti,11107263,1682,36575
46,578263,3785263,Specialist- Marketing Project Owner (MPO),"Bengaluru, Karnataka, India",Bengaluru,Karnataka,India,11107264,Eli Lilly and Company,11107264,1372,88883
86,578264,3785264,Search Engine Marketing Specialist - Google Adwords,"Mumbai, Maharashtra, India",Mumbai,Maharashtra,India,11107265,Logicserve Digital,11107265,4156,87094
53,578265,3785265,Senior Digital Marketing role with LNT Infotech,"Maharashtra, India",Maharashtra,India,NULL,11107266,LTI - Larsen & Toubro Infotech,11107266,2631,25886
314,578266,3785266,Associate Marketing Operations Specialist,"Mumbai, Maharashtra, India",Mumbai,Maharashtra,India,11107267,MedPage Today,11107267,1642,55167
230,578267,3785267,Digital Marketing Assistant,"Ahmedabad, Gujarat, India",Ahmedabad,Gujarat,India,11107268,Ocean Finvest,11107268,3139,1114
268,578268,3785268,Paid Media Executive,"Mumbai, Maharashtra, India",Mumbai,Maharashtra,India,11107269,ConvergenSEE Asia,11107269,2918,84066
351,578269,3785269,Demand Generation Specialist,India,India,NULL,NULL,11107270,Augmentus,11107270,4004,77928
751,578270,3785270,Associate Marketing Operations Specialist,"Mumbai, Maharashtra, India",Mumbai,Maharashtra,India,11107271,Everyday Health Group,11107271,2932,104107
566,578271,3785271,Lead Generation Specialist,"Ahmedabad, Gujarat, India",Ahmedabad,Gujarat,India,11107272,Group 8A,11107272,2350,76601
348,578272,3785272,Social Media Marketing Specialist,"Gurugram, Haryana, India",Gurugram,Haryana,India,11107273,GotoUni.io,11107273,4663,19505
53,578273,3785273,Marketing Subscriptions - Retention,"Delhi, India",Delhi,India,NULL,11107274,HT Digital Streams,11107274,3541,6855
431,578274,3785274,Digital Marketing Specialist,"Noida, Uttar Pradesh, India",Noida,Uttar Pradesh,India,11107275,Number Dekho,11107275,1777,78031
309,578275,3785275,Lead Generation Specialist,"Kolkata, West Bengal, India",Kolkata,West Bengal,India,11107276,NLB Services,11107276,4379,64110
663,578276,3785276,LinkedIn Marketing,"Hyderabad, Telangana, India",Hyderabad,Telangana,India,11107277,HighRadius,11107277,2857,2207
266,578277,3785277,Marketing Executive,"Ahmedabad, Gujarat, India",Ahmedabad,Gujarat,India,11107278,Solarium Green Energy,11107278,3438,15084
263,578278,3785278,Trade Marketing Specialist,"Goa, India",Goa,India,NULL,11107279,AB InBev India,11107279,3954,72609
646,578279,3785279,"Account Mgmt, Associate - AE, International Seller Growth","Hyderabad, Telangana, India",Hyderabad,Telangana,India,11107280,Amazon,11107280,2136,26593
514,578280,3785280,Performance Marketing,"Mumbai, Maharashtra, India",Mumbai,Maharashtra,India,11107281,Think9 Consumer,11107281,853,62278
199,578281,3785281,Customer Marketing Specialist,"Shillong, Meghalaya, India",Shillong,Meghalaya,India,11107282,DIAGEO India,11107282,1292,45865
437,578282,3785282,Retention Specialist,"Gurugram, Haryana, India",Gurugram,Haryana,India,11107283,MAISON D' AURAINE,11107283,3857,92027
381,578283,3785283,Digital Marketing Executive,"Ahmedabad, Gujarat, India",Ahmedabad,Gujarat,India,11107284,Vachhani Impex Pvt Ltd,11107284,1937,8557
707,578284,3785284,PPC Lead / Solution Specialist,"Bengaluru, Karnataka, India",Bengaluru,Karnataka,India,11107285,iQuanti,11107285,2920,66376
778,578285,3785285,Specialist- Marketing Project Owner (MPO),"Bengaluru, Karnataka, India",Bengaluru,Karnataka,India,11107286,Eli Lilly and Company,11107286,3379,87218
505,578286,3785286,Search Engine Marketing Specialist - Google Adwords,"Mumbai, Maharashtra, India",Mumbai,Maharashtra,India,11107287,Logicserve Digital,11107287,3329,73467
203,578287,3785287,Senior Digital Marketing role with LNT Infotech,"Maharashtra, India",Maharashtra,India,NULL,11107288,LTI - Larsen & Toubro Infotech,11107288,1181,103083
273,578288,3785288,Associate Marketing Operations Specialist,"Mumbai, Maharashtra, India",Mumbai,Maharashtra,India,11107289,MedPage Today,11107289,190,20146
783,578289,3785289,Digital Marketing Assistant,"Ahmedabad, Gujarat, India",Ahmedabad,Gujarat,India,11107290,Ocean Finvest,11107290,1768,54025
324,578290,3785290,Paid Media Executive,"Mumbai, Maharashtra, India",Mumbai,Maharashtra,India,11107291,ConvergenSEE Asia,11107291,4095,69757
599,578291,3785291,Demand Generation Specialist,India,India,NULL,NULL,11107292,Augmentus,11107292,112,103022
104,578292,3785292,Marketing Automation Specialist (US Shift),"Chandigarh, Chandigarh, India",Chandigarh,Chandigarh,India,11107293,Zscaler,11107293,686,33663
410,578293,3785293,Digital Marketing Speacialists,"Hyderabad, Telangana, India",Hyderabad,Telangana,India,11107294,"Innovit USA, Inc",11107294,895,72845
426,578294,3785294,AGM - Prepaid Marketing,"Hyderabad, Telangana, India",Hyderabad,Telangana,India,11107295,Vodafone Idea Limited,11107295,4020,81299
575,578295,3785295,Lead Generation,"Bengaluru, Karnataka, India",Bengaluru,Karnataka,India,11107296,Instawork,11107296,4112,62910
405,578296,3785296,Marketing Executive,"Bhubaneswar, Odisha, India",Bhubaneswar,Odisha,India,11107297,NeXHS Renewables Pvt Ltd,11107297,1564,15755
249,578297,3785297,Marketing Ops Specialist II,"Hyderabad, Telangana, India",Hyderabad,Telangana,India,11107298,F5,11107298,2271,96428
276,578298,3785298,Performance Marketing Lead,"Ahmedabad, Gujarat, India",Ahmedabad,Gujarat,India,11107299,Uplers,11107299,4385,15181
691,578299,3785299,Marketing Operations Specialist (Campaign Ops),"Mumbai, Maharashtra, India",Mumbai,Maharashtra,India,11107300,Egnyte,11107300,352,9622
27,578300,3785300,Marketing Automation Specialist (Only Pardot),"Mumbai, Maharashtra, India",Mumbai,Maharashtra,India,11107301,Black Box,11107301,1023,93711
432,578301,3785301,Lead Generation Specialist,"Mumbai, Maharashtra, India",Mumbai,Maharashtra,India,11107302,Trimble Inc.,11107302,1262,81927
23,578302,3785302,Digital Marketing Specialist,"Ahmedabad, Gujarat, India",Ahmedabad,Gujarat,India,11107303,Matic Solutions,11107303,3169,84782
88,578303,3785303,PPC Specialist,Mumbai Metropolitan Region,Mumbai Metropolitan Region,NULL,NULL,11107304,QS Quacquarelli Symonds,11107304,3621,84957
150,578304,3785304,Sr Marketing Audience Activation Specialist,"Hyderabad, Telangana, India",Hyderabad,Telangana,India,11107305,Thomson Reuters,11107305,4954,92873
480,578305,3785305,Organic LinkedIn Growth Expert,India,India,NULL,NULL,11107306,JetLearn,11107306,3784,84484
445,578306,3785306,Campaigns Lead,"Bengaluru, Karnataka, India",Bengaluru,Karnataka,India,11107307,Leading Data modelling and content solutions,11107307,1021,26297
138,578307,3785307,Lead Generation Executive- web researcher ( Ahmedabad) IT SALES (1-2 yrs EXP),"Ahmedabad, Gujarat, India",Ahmedabad,Gujarat,India,11107308,Jain Technosoft,11107308,3560,53048
540,578308,3785308,Marketing Specialist- Acquisition & Onboarding,"Gurgaon, Haryana, India",Gurgaon,Haryana,India,11107309,ApplyBoard,11107309,2250,36998
556,578309,3785309,Social Media Executive,"Chennai, Tamil Nadu, India",Chennai,Tamil Nadu,India,11107310,Sporjo,11107310,3872,70477
432,578310,3785310,B2B Marketing Lead,"Chennai, Tamil Nadu, India",Chennai,Tamil Nadu,India,11107311,Skill-Lync,11107311,2631,101750
251,578311,3785311,Senior Professional Employer Branding,"Gurugram, Haryana, India",Gurugram,Haryana,India,11107312,Acuity Knowledge Partners,11107312,1125,100904
245,578312,3785312,Proposal Executive,"Thane, Maharashtra, India",Thane,Maharashtra,India,11107313,Siemens,11107313,397,52978
298,578313,3785313,Sr. Marketing Specialist,"Hyderabad, Telangana, India",Hyderabad,Telangana,India,11107314,OpenText,11107314,3459,81903
295,578314,3785314,Conversational Marketing Specialist,"Hyderabad, Telangana, India",Hyderabad,Telangana,India,11107315,CyberArk,11107315,3798,71587
301,578315,3785315,AGM-Prepaid Marketing,"Chennai, Tamil Nadu, India",Chennai,Tamil Nadu,India,11107316,Vodafone Idea Limited,11107316,2836,45894
246,578316,3785316,Sr Marketing Audience Activation Specialist,"Hyderabad, Telangana, India",Hyderabad,Telangana,India,11107317,Thomson Reuters,11107317,542,93421
545,578317,3785317,Marketing Automation Specialist (APAC Shift),"Chandigarh, Chandigarh, India",Chandigarh,Chandigarh,India,11107318,Zscaler,11107318,4431,85796
534,578318,3785318,Marketing Operations Specialist (Campaign Ops),"Mumbai, Maharashtra, India",Mumbai,Maharashtra,India,11107319,Egnyte,11107319,2616,85811
329,578319,3785319,Executive - Business Development - IT,"Ahmedabad, Gujarat, India",Ahmedabad,Gujarat,India,11107320,Techcronus Business Solutions Pvt. Ltd.,11107320,4578,19584
729,578320,3785320,Growth & India Lead,"Gurgaon, Haryana, India",Gurgaon,Haryana,India,11107321,ApplyBoard,11107321,1127,67109
22,578321,3785321,Senior SEO Associate (WFH),"Noida, Uttar Pradesh, India",Noida,Uttar Pradesh,India,11107322,Uplers,11107322,3788,91374
757,578322,3785322,Lead Generation Specialist,"New Delhi, Delhi, India",New Delhi,Delhi,India,11107323,Techmagnate: Digital Marketing Agency,11107323,1320,24775
208,578323,3785323,"Business Development Executive - Freshers (MBA,BMM - Marketing)","Mumbai, Maharashtra, India",Mumbai,Maharashtra,India,11107324,ACMA Computers Ltd.,11107324,4899,11367
219,578324,3785324,Technical Marketing person Electronics,"Vadodara, Gujarat, India",Vadodara,Gujarat,India,11107325,Uniglobus electricals and electronics India Private limited,11107325,3829,48662
652,578325,3785325,Digital marketing,"Surat, Gujarat, India",Surat,Gujarat,India,11107326,Pleasant Inc,11107326,2423,92334
324,578326,3785326,Lead Generation Specialist,"Mumbai, Maharashtra, India",Mumbai,Maharashtra,India,11107327,Befree - Finance and Accounting Business Process Outsourcing,11107327,373,32934
74,578327,3785327,"Junior Associate, Solution Engineering (Adobe Analytics)","Pune, Maharashtra, India",Pune,Maharashtra,India,11107328,Western Union,11107328,2966,82167
413,578328,3785328,Executive-Marketing Operations,"Pune, Maharashtra, India",Pune,Maharashtra,India,11107329,Infogain,11107329,1650,77784
103,578329,3785329,Business Development Executive,"Ahmedabad, Gujarat, India",Ahmedabad,Gujarat,India,11107330,Shrine Software Services Pvt Ltd,11107330,3924,40014
362,578330,3785330,Marketing Executive,"Coimbatore South, Tamil Nadu, India",Coimbatore South,Tamil Nadu,India,11107331,Chandra Hyundai,11107331,276,74351
167,578331,3785331,Marketing Executive,"Kochi, Kerala, India",Kochi,Kerala,India,11107332,Talent Basket,11107332,3465,73699
338,578332,3785332,Business Development Executive,"Ahmedabad, Gujarat, India",Ahmedabad,Gujarat,India,11107333,Arcedior,11107333,2742,85547
142,578333,3785333,Marketing Business Development Manager,"Surat, Gujarat, India",Surat,Gujarat,India,11107334,Kala Training & Development Company,11107334,4932,26340
100,578334,3785334,Sales And Marketing Representative,"Vapi, Gujarat, India",Vapi,Gujarat,India,11107335,SeQura India,11107335,4717,61955
110,578335,3785335,Retention Marketing Manager,"Kondapur, Telangana, India",Kondapur,Telangana,India,11107336,Nobero,11107336,2232,39296
279,578336,3785336,IFS - Marketing Services- Performance Communications-Data Engineer - M1,"Bengaluru, Karnataka, India",Bengaluru,Karnataka,India,11107337,PwC,11107337,1903,98791
790,578337,3785337,Deloitte India (Offices of the US) - Consulting - SAP PP,"Chennai, Tamil Nadu, India",Chennai,Tamil Nadu,India,11107338,Deloitte,11107338,3530,64549
150,578338,3785338,Operations Associate,"Vadodara, Gujarat, India",Vadodara,Gujarat,India,11107339,Wolters Kluwer,11107339,1666,1435
689,578339,3785339,New Associate-Inside Sales,"Gurgaon, Haryana, India",Gurgaon,Haryana,India,11107340,Accenture in India,11107340,4665,2388
148,578340,3785340,BA - Analytics-ANA005657,"Bengaluru, Karnataka, India",Bengaluru,Karnataka,India,11107341,Genpact,11107341,4031,4891
313,578341,3785341,Consulting Analyst - General Business,"Mumbai, Maharashtra, India",Mumbai,Maharashtra,India,11107342,Lloyd's Register,11107342,2590,85129
204,578342,3785342,Document Specialist,"Kochi, Kerala, India",Kochi,Kerala,India,11107343,EY,11107343,602,99634
738,578343,3785343,Assistant Manager Ops (Pharma Forecasting),"Bengaluru, Karnataka, India",Bengaluru,Karnataka,India,11107344,WNS,11107344,390,69311
300,578344,3785344,Asst. Manager - Founder's Office,"Bengaluru, Karnataka, India",Bengaluru,Karnataka,India,11107345,Thence: Digital Product Design & Engineering,11107345,4133,41750
137,578345,3785345,Regional Marketing Program Manager,"Bangalore Urban, Karnataka, India",Bangalore Urban,Karnataka,India,11107346,Armstrong Fluid Technology,11107346,4784,56861
308,578346,3785346,Marketing Automation Analyst,"Hyderabad, Telangana, India",Hyderabad,Telangana,India,11107347,CyberArk,11107347,2680,20078
710,578347,3785347,Campaign Consultant,"Hyderabad, Telangana, India",Hyderabad,Telangana,India,11107348,Inclusive Minds,11107348,222,81069
427,578348,3785348,Technical Marketing Engineer,"Chennai, Tamil Nadu, India",Chennai,Tamil Nadu,India,11107349,Pyrotech Electronics Unit 2 Udaipur,11107349,2521,38223
784,578349,3785349,Application specialist-India,"Hyderabad, Telangana, India",Hyderabad,Telangana,India,11107350,Snibe,11107350,1189,59564
767,578350,3785350,Associate - Technology Consulting,"Kolkata, West Bengal, India",Kolkata,West Bengal,India,11107351,PwC India,11107351,1782,73600
617,578351,3785351,Social Media Marketing part time job/internship at Mumbai in PeepingMoon,"Mumbai, Maharashtra, India",Mumbai,Maharashtra,India,11107352,PeepingMoon,11107352,317,89481
500,578352,3785352,Asst. Manager/ Dy. Manager - Financial Planning & Analyst,"Banjara Hills, Telangana, India",Banjara Hills,Telangana,India,11107353,NSL Group,11107353,2739,18556
264,578353,3785353,Area Manager,"Kolhapur, Maharashtra, India",Kolhapur,Maharashtra,India,11107354,AB InBev,11107354,2650,50332
